expected_d,fit_d,P,code_name,parameter_label,fit_max_p,used_for_fit,p,y,yerr,failures,shots,fit_y,log_residual
6,6,21,cornucopia_p21_d6,"[[252,130,6]]",0.0025,True,0.001,3.350522576925736e-06,2.073921409973573e-07,261,100000,3.344958384775396e-06,0.001662074304471517
6,6,21,cornucopia_p21_d6,"[[252,130,6]]",0.0025,True,0.0015,1.606160252040196e-05,4.5447254774742e-07,1249,100000,1.614188924834151e-05,-0.004986222913935023
6,6,21,cornucopia_p21_d6,"[[252,130,6]]",0.0025,True,0.002,5.614606477592451e-05,8.579170227844079e-07,4283,100000,5.58668047860959e-05,0.004986222913673899
6,6,21,cornucopia_p21_d6,"[[252,130,6]]",0.0025,True,0.0025,0.0001624196970130764,3.325787558426091e-06,2385,20000,0.0001626898750838817,-0.001662074304732641
6,6,21,cornucopia_p21_d6,"[[252,130,6]]",0.0025,False,0.003,0.0003868238782304405,5.358103164922037e-06,5212,20000,0.0004280300997856837,-0.1012240252802261
6,6,21,cornucopia_p21_d6,"[[252,130,6]]",0.0025,False,0.004,0.001190149560963634,0.0001081954146330577,121,200,0.002504440929949813,-0.7439865472631064
8,8,48,cornucopia_p48_d8,"[[576,292,8]]",0.0025,True,0.001,6.849356141255492e-09,1.977238805964737e-09,12,1000000,6.955543542021007e-09,-0.01538431970374177
8,8,48,cornucopia_p48_d8,"[[576,292,8]]",0.0025,True,0.0015,7.277860968951169e-08,1.019104376914712e-08,51,400000,6.949599534479478e-08,0.04615295910956263
8,8,48,cornucopia_p48_d8,"[[576,292,8]]",0.0025,True,0.002,7.024866658484669e-07,6.334108953543297e-08,123,100000,7.356683304161641e-07,-0.04615295911039574
8,8,48,cornucopia_p48_d8,"[[576,292,8]]",0.0025,True,0.0025,1.036750940065089e-05,1.221822700202587e-06,72,4000,1.020923293110438e-05,0.01538431970290866
8,8,48,cornucopia_p48_d8,"[[576,292,8]]",0.0025,False,0.003,6.235934891797316e-05,4.334274366870617e-06,207,2000,0.0002042174091573711,-1.186271554084026
8,8,48,cornucopia_p48_d8,"[[576,292,8]]",0.0025,False,0.004,0.000582964283958772,5.152724979710097e-05,128,200,0.2935675408341146,-6.221737091901171
10,10,75,cornucopia_p75_d10,"[[900,454,10]]",0.0025,True,0.001,4.038181368496122e-10,8.609431605372525e-11,22,20000000,4.136967429838068e-10,-0.02416858024496804
10,10,75,cornucopia_p75_d10,"[[900,454,10]]",0.0025,True,0.0015,5.323092910214213e-09,9.884735381100954e-10,29,2000000,4.950797960790159e-09,0.07250574073288973
10,10,75,cornucopia_p75_d10,"[[900,454,10]]",0.0025,True,0.002,8.444436282824802e-08,1.760786683555516e-08,23,100000,9.079449265332548e-08,-0.07250574073390581
10,10,75,cornucopia_p75_d10,"[[900,454,10]]",0.0025,True,0.0025,3.411538568204724e-06,5.608534857660253e-07,37,4000,3.33007492026191e-06,0.02416858024396085
10,10,75,cornucopia_p75_d10,"[[900,454,10]]",0.0025,False,0.003,4.42259505896689e-05,2.935379438403178e-06,227,2000,0.000275016329328131,-1.827518741067729
10,10,75,cornucopia_p75_d10,"[[900,454,10]]",0.0025,False,0.004,0.0006612386293265457,5.116818136219095e-05,167,200,26.88500351123108,-10.61296441152856
12,12,87,cornucopia_p87_d12,"[[1044,526,12]]",0.0025,True,0.0015,4.752855274539482e-10,1.940345040652898e-10,6,4000000,4.669078121914532e-10,0.01778389998835195
12,12,87,cornucopia_p87_d12,"[[1044,526,12]]",0.0025,True,0.00175,4.752887346475947e-09,8.677545376485828e-10,30,2000000,4.983717154098866e-09,-0.0474237333030203
12,12,87,cornucopia_p87_d12,"[[1044,526,12]]",0.0025,True,0.002,4.689827300696712e-08,5.451813498222925e-09,74,500000,4.525952077665782e-08,0.03556779997690995
12,12,87,cornucopia_p87_d12,"[[1044,526,12]]",0.0025,True,0.0025,2.545044827674717e-06,4.499046140181352e-07,32,4000,2.560176574502755e-06,-0.005927966663053397
12,12,87,cornucopia_p87_d12,"[[1044,526,12]]",0.0025,False,0.003,3.55030148128189e-05,2.438357068283732e-06,212,2000,9.743405677340294e-05,-1.009558191216318
12,12,87,cornucopia_p87_d12,"[[1044,526,12]]",0.0025,False,0.004,0.0006586681354670926,4.979063094195798e-05,175,200,0.05646905000441076,-4.451228159914197
14,14,147,cornucopia_p147_d14,"[[1764,886,14]]",0.0025,True,0.0015,1.128668566527912e-10,4.265966199498021e-11,7,10000000,1.076051211299934e-10,0.04774062356877806
14,14,147,cornucopia_p147_d14,"[[1764,886,14]]",0.0025,True,0.00175,1.128672121277647e-09,3.016503128445945e-10,14,2000000,1.281908723365026e-09,-0.1273083295175823
14,14,147,cornucopia_p147_d14,"[[1764,886,14]]",0.0025,True,0.002,1.652777372410502e-08,2.581204598137137e-09,41,400000,1.502267873067914e-08,0.09548124713777284
14,14,147,cornucopia_p147_d14,"[[1764,886,14]]",0.0025,True,0.0025,2.191541216671783e-06,4.217623037952046e-07,27,2000,2.226695369755196e-06,-0.01591354118990118
16,16,192,cornucopia_p192_d16,"[[2304,1156,16]]",0.0025,True,0.0015,2.703287535106251e-11,1.208946938245085e-11,5,20000000,2.602222040229734e-11,0.03810292702866036
16,16,192,cornucopia_p192_d16,"[[2304,1156,16]]",0.0025,True,0.00175,6.487908734997428e-10,1.324338824874132e-10,24,4000000,7.181785689316013e-10,-0.1016078054107794
16,16,192,cornucopia_p192_d16,"[[2304,1156,16]]",0.0025,True,0.002,1.540983488231196e-08,2.041082491865179e-09,57,400000,1.427914498682967e-08,0.07620585405760139
16,16,192,cornucopia_p192_d16,"[[2304,1156,16]]",0.0025,True,0.0025,2.40544790138217e-06,3.626349155287489e-07,44,2000,2.43619427783938e-06,-0.01270097567658901
16,16,192,cornucopia_p192_d16,"[[2304,1156,16]]",0.0025,False,0.003,3.507140669916643e-05,1.490041290258662e-06,554,2000,0.0001562331360474354,-1.493963178965267
16,16,192,cornucopia_p192_d16,"[[2304,1156,16]]",0.0025,False,0.004,0.0004540172617239156,2.63892173121699e-05,296,300,0.04910780529017598,-4.683638049625155
18,18,237,cornucopia_p237_d18,"[[2844,1426,18]]",0.0025,True,0.00175,2.410592374584042e-10,7.268209480897386e-11,11,4000000,2.461546605483907e-10,-0.02091733792892114
18,18,237,cornucopia_p237_d18,"[[2844,1426,18]]",0.0025,True,0.001875,1.57785431168857e-09,3.719038278398068e-10,18,1000000,1.500598881069403e-09,0.05020161102905263
18,18,237,cornucopia_p237_d18,"[[2844,1426,18]]",0.0025,True,0.002,7.889555565214801e-09,1.85958608023715e-09,18,200000,8.141022702859875e-09,-0.03137600689334619
18,18,237,cornucopia_p237_d18,"[[2844,1426,18]]",0.0025,True,0.0025,2.399295578569699e-06,3.26502772756195e-07,54,2000,2.394282136150592e-06,0.002091733792768835
